{
  "overview": {
    "num_configurations": 7,
    "configurations": [
      "Baseline (No Filters)",
      "Pre-Generation Filter Only",
      "Post-Generation Filter Only",
      "Pre+Post Filters",
      "All Filters",
      "All Filters (Strict)",
      "Adaptive Thresholds"
    ]
  },
  "privacy_metrics": {
    "pii_leakage_rates": {
      "Baseline (No Filters)": 0.36666666666666664,
      "Pre-Generation Filter Only": 0.26666666666666666,
      "Post-Generation Filter Only": 0.13333333333333333,
      "Pre+Post Filters": 0.2,
      "All Filters": 0.06666666666666667,
      "All Filters (Strict)": 0.13333333333333333,
      "Adaptive Thresholds": 0.0
    },
    "canary_leakage_rates": {
      "Baseline (No Filters)": 0.09090909090909091,
      "Pre-Generation Filter Only": 0.09090909090909091,
      "Post-Generation Filter Only": 0.18181818181818182,
      "Pre+Post Filters": 0.09090909090909091,
      "All Filters": 0.09090909090909091,
      "All Filters (Strict)": 0.0,
      "Adaptive Thresholds": 0.0
    },
    "best_privacy_configuration": "Adaptive Thresholds"
  },
  "utility_metrics": {
    "semantic_similarities": {
      "Baseline (No Filters)": 0.6930987205915153,
      "Pre-Generation Filter Only": 0.632109939828515,
      "Post-Generation Filter Only": 0.5842736420128495,
      "Pre+Post Filters": 0.6118182611092925,
      "All Filters": 0.6069373689219355,
      "All Filters (Strict)": 0.5954753082245589,
      "Adaptive Thresholds": 0.005699926898814738
    },
    "perplexities": {
      "Baseline (No Filters)": 32.55678845789338,
      "Pre-Generation Filter Only": 23.231888911109845,
      "Post-Generation Filter Only": 31.980329948419122,
      "Pre+Post Filters": 22.98887197485737,
      "All Filters": 29.330549638660617,
      "All Filters (Strict)": 26.274495060584744,
      "Adaptive Thresholds": 140.6536529608432
    },
    "best_utility_configuration": "Baseline (No Filters)"
  },
  "configurations": {
    "baseline": {
      "name": "Baseline (No Filters)",
      "description": "No privacy filters applied",
      "key_metrics": {
        "pii_leakage_rate": 0.36666666666666664,
        "canary_leakage_rate": 0.09090909090909091,
        "semantic_similarity": 0.6930987205915153,
        "perplexity": 32.55678845789338
      }
    },
    "pre_only": {
      "name": "Pre-Generation Filter Only",
      "description": "Only pre-generation filtering applied",
      "key_metrics": {
        "pii_leakage_rate": 0.26666666666666666,
        "canary_leakage_rate": 0.09090909090909091,
        "semantic_similarity": 0.632109939828515,
        "perplexity": 23.231888911109845
      }
    },
    "post_only": {
      "name": "Post-Generation Filter Only",
      "description": "Only post-generation filtering applied",
      "key_metrics": {
        "pii_leakage_rate": 0.13333333333333333,
        "canary_leakage_rate": 0.18181818181818182,
        "semantic_similarity": 0.5842736420128495,
        "perplexity": 31.980329948419122
      }
    },
    "pre_post": {
      "name": "Pre+Post Filters",
      "description": "Pre-generation and post-generation filters applied",
      "key_metrics": {
        "pii_leakage_rate": 0.2,
        "canary_leakage_rate": 0.09090909090909091,
        "semantic_similarity": 0.6118182611092925,
        "perplexity": 22.98887197485737
      }
    },
    "all_filters": {
      "name": "All Filters",
      "description": "All privacy filters applied (pre, in, post)",
      "key_metrics": {
        "pii_leakage_rate": 0.06666666666666667,
        "canary_leakage_rate": 0.09090909090909091,
        "semantic_similarity": 0.6069373689219355,
        "perplexity": 29.330549638660617
      }
    },
    "all_strict": {
      "name": "All Filters (Strict)",
      "description": "All privacy filters with stricter settings",
      "key_metrics": {
        "pii_leakage_rate": 0.13333333333333333,
        "canary_leakage_rate": 0.0,
        "semantic_similarity": 0.5954753082245589,
        "perplexity": 26.274495060584744
      }
    },
    "adaptive": {
      "name": "Adaptive Thresholds",
      "description": "All filters with content-dependent adaptive thresholds",
      "key_metrics": {
        "pii_leakage_rate": 0.0,
        "canary_leakage_rate": 0.0,
        "semantic_similarity": 0.005699926898814738,
        "perplexity": 140.6536529608432
      }
    }
  },
  "best_balanced_configuration": {
    "name": "All Filters",
    "score": 0.7701353511276344
  }
}